{"cameraMode":{"drawMode":0,"name":"Shaded","section":"Shading Mode"},"sceneLighting":true,"audioPlay":false,"sceneViewState":{"m_AlwaysRefresh":false,"showFog":true,"showSkybox":true,"showFlares":true,"showImageEffects":true,"showParticleSystems":true,"showVisualEffectGraphs":true,"m_FxEnabled":true},"in2DMode":false,"pivot":{"x":-35.388824462890628,"y":0.9883880615234375,"z":25.15999984741211},"rotation":{"x":-0.21556492149829865,"y":-0.06819615513086319,"z":0.015093167312443257,"w":-0.9739925861358643},"size":3.0151522159576418,"orthographic":false}